{"reward_based": {"precision": {"mean": 0.4172359638790734, "stdev": 0.34743938343090125}, "recall": {"mean": 0.7597173144876325, "stdev": 0.4273180149460929}, "f1_score": {"mean": 0.5059215323349598, "stdev": 0.3475735132634744}}, "agency_based": {"precision": {"mean": 0.6034305064782096, "stdev": 0.4141961243605564}, "recall": {"mean": 0.741166077738516, "stdev": 0.4380587052649072}, "f1_score": {"mean": 0.6487926972909305, "stdev": 0.4088677266387783}}, "hybrid_based": {"precision": {"mean": 0.46999901845308206, "stdev": 0.3543341805455435}, "recall": {"mean": 0.8077149587750294, "stdev": 0.3941538421421676}, "f1_score": {"mean": 0.5590148073363621, "stdev": 0.34291727697673124}}, "execution_time": {"mean": 3.100318066843345, "stdev": 4.594610439330637}}