{"reward_based": {"precision": {"mean": 0.2662691401648999, "stdev": 0.1660615101001347}, "recall": {"mean": 0.9154888103651354, "stdev": 0.2781938848667578}, "f1_score": {"mean": 0.3975012619888945, "stdev": 0.18228152165293043}}, "agency_based": {"precision": {"mean": 0.6034305064782096, "stdev": 0.4141961243605564}, "recall": {"mean": 0.741166077738516, "stdev": 0.4380587052649072}, "f1_score": {"mean": 0.6487926972909305, "stdev": 0.4088677266387783}}, "hybrid_based": {"precision": {"mean": 0.27985374950922653, "stdev": 0.17328418228586148}, "recall": {"mean": 0.9272673733804476, "stdev": 0.2597353593844542}, "f1_score": {"mean": 0.41321723035503954, "stdev": 0.1844271087855224}}, "execution_time": {"mean": 3.2062045727326267, "stdev": 4.784758520429586}}