{"reward_based": {"precision": {"mean": 0.3968737730663526, "stdev": 0.30690247220062733}, "recall": {"mean": 0.8215547703180212, "stdev": 0.3829434835319616}, "f1_score": {"mean": 0.5031086993101127, "stdev": 0.3059481620886022}}, "agency_based": {"precision": {"mean": 0.6034305064782096, "stdev": 0.4141961243605564}, "recall": {"mean": 0.741166077738516, "stdev": 0.4380587052649072}, "f1_score": {"mean": 0.6487926972909305, "stdev": 0.4088677266387783}}, "hybrid_based": {"precision": {"mean": 0.4372006281900275, "stdev": 0.3164195809277607}, "recall": {"mean": 0.8548292108362779, "stdev": 0.35232482708816515}, "f1_score": {"mean": 0.5434488754276741, "stdev": 0.3041743138988152}}, "execution_time": {"mean": 3.2424516731448763, "stdev": 4.851605805377062}}