{"reward_based": {"precision": {"mean": 0.4202787593246957, "stdev": 0.3421230042781544}, "recall": {"mean": 0.7732626619552415, "stdev": 0.41878295147182965}, "f1_score": {"mean": 0.5118949464355824, "stdev": 0.34138910629919195}}, "agency_based": {"precision": {"mean": 0.6034305064782096, "stdev": 0.4141961243605564}, "recall": {"mean": 0.741166077738516, "stdev": 0.4380587052649072}, "f1_score": {"mean": 0.6487926972909305, "stdev": 0.4088677266387783}}, "hybrid_based": {"precision": {"mean": 0.4696162151550844, "stdev": 0.3493391661309777}, "recall": {"mean": 0.8165488810365136, "stdev": 0.3870929199624438}, "f1_score": {"mean": 0.5611209265802906, "stdev": 0.33729513200633204}}, "execution_time": {"mean": 3.2034632709069495, "stdev": 4.7613981268117795}}