{"reward_based": {"precision": {"mean": 0.42004809579897917, "stdev": 0.3449216887065515}, "recall": {"mean": 0.767962308598351, "stdev": 0.4221950840619043}, "f1_score": {"mean": 0.5102753940209771, "stdev": 0.3443313969105537}}, "agency_based": {"precision": {"mean": 0.6034305064782096, "stdev": 0.4141961243605564}, "recall": {"mean": 0.741166077738516, "stdev": 0.4380587052649072}, "f1_score": {"mean": 0.6487926972909305, "stdev": 0.4088677266387783}}, "hybrid_based": {"precision": {"mean": 0.46984687868080094, "stdev": 0.35184442286597245}, "recall": {"mean": 0.8121319199057715, "stdev": 0.39066431277047153}, "f1_score": {"mean": 0.5601043244152785, "stdev": 0.34012880798823775}}, "execution_time": {"mean": 3.1693489234393404, "stdev": 4.691544052104557}}