{"reward_based": {"precision": {"mean": 0.41592069100903023, "stdev": 0.3311253821625914}, "recall": {"mean": 0.7932862190812721, "stdev": 0.4050080185373425}, "f1_score": {"mean": 0.5127068259577093, "stdev": 0.32938213701995284}}, "agency_based": {"precision": {"mean": 0.6034305064782096, "stdev": 0.4141961243605564}, "recall": {"mean": 0.741166077738516, "stdev": 0.4380587052649072}, "f1_score": {"mean": 0.6487926972909305, "stdev": 0.4088677266387783}}, "hybrid_based": {"precision": {"mean": 0.4627257557911268, "stdev": 0.3389812539575176}, "recall": {"mean": 0.8333333333333334, "stdev": 0.3727328785116939}, "f1_score": {"mean": 0.559345728868697, "stdev": 0.3257018900095928}}, "execution_time": {"mean": 3.1427139434628977, "stdev": 4.692605843994753}}