{"reward_based": {"precision": {"mean": 0.055310168826069886, "stdev": 0.22099343986066083}, "recall": {"mean": 0.0624263839811543, "stdev": 0.24196398580350564}, "f1_score": {"mean": 0.057616804083235176, "stdev": 0.22628290653197622}}, "agency_based": {"precision": {"mean": 0.6034305064782096, "stdev": 0.4141961243605564}, "recall": {"mean": 0.741166077738516, "stdev": 0.4380587052649072}, "f1_score": {"mean": 0.6487926972909305, "stdev": 0.4088677266387783}}, "hybrid_based": {"precision": {"mean": 0.5943266588142914, "stdev": 0.4112358392514093}, "recall": {"mean": 0.7441107184923439, "stdev": 0.4364241543776597}, "f1_score": {"mean": 0.6428052610914802, "stdev": 0.4053733297497439}}, "execution_time": {"mean": 3.204385257361602, "stdev": 4.8581230300342755}}