{"reward_based": {"precision": {"mean": 0.30972222222222223, "stdev": 0.3919870598248011}, "recall": {"mean": 0.4575971731448763, "stdev": 0.49827212281535743}, "f1_score": {"mean": 0.3519322452184643, "stdev": 0.41065697875178087}}, "agency_based": {"precision": {"mean": 0.6034305064782096, "stdev": 0.4141961243605564}, "recall": {"mean": 0.741166077738516, "stdev": 0.4380587052649072}, "f1_score": {"mean": 0.6487926972909305, "stdev": 0.4088677266387783}}, "hybrid_based": {"precision": {"mean": 0.5347516686297605, "stdev": 0.378172491709809}, "recall": {"mean": 0.7853356890459364, "stdev": 0.4106497302766495}, "f1_score": {"mean": 0.6082898648269673, "stdev": 0.36834438169734246}}, "execution_time": {"mean": 3.1299073138987046, "stdev": 4.618405818532047}}