{"reward_based": {"precision": {"mean": 0.18814782096584218, "stdev": 0.364378725516994}, "recall": {"mean": 0.2326266195524146, "stdev": 0.4225684040811795}, "f1_score": {"mean": 0.20184530820573224, "stdev": 0.37728655638186115}}, "agency_based": {"precision": {"mean": 0.6034305064782096, "stdev": 0.4141961243605564}, "recall": {"mean": 0.741166077738516, "stdev": 0.4380587052649072}, "f1_score": {"mean": 0.6487926972909305, "stdev": 0.4088677266387783}}, "hybrid_based": {"precision": {"mean": 0.5717510797016098, "stdev": 0.39626900452527336}, "recall": {"mean": 0.7603062426383981, "stdev": 0.4269594116277481}, "f1_score": {"mean": 0.6313506085590891, "stdev": 0.38958456896167554}}, "execution_time": {"mean": 3.214075089222615, "stdev": 4.762357986296915}}