{"reward_based": {"precision": {"mean": 0.36993031016882605, "stdev": 0.3691380075915889}, "recall": {"mean": 0.6313309776207303, "stdev": 0.482515006666799}, "f1_score": {"mean": 0.43948482808906836, "stdev": 0.38200298545270883}}, "agency_based": {"precision": {"mean": 0.6034305064782096, "stdev": 0.4141961243605564}, "recall": {"mean": 0.741166077738516, "stdev": 0.4380587052649072}, "f1_score": {"mean": 0.6487926972909305, "stdev": 0.4088677266387783}}, "hybrid_based": {"precision": {"mean": 0.49306537102473497, "stdev": 0.363412286233229}, "recall": {"mean": 0.7991755005889282, "stdev": 0.40067604556663083}, "f1_score": {"mean": 0.5769280385888159, "stdev": 0.3524245307802624}}, "execution_time": {"mean": 3.159249393404005, "stdev": 4.702300404229517}}