{"reward_based": {"precision": {"mean": 0.42032292893600315, "stdev": 0.33711909662825623}, "recall": {"mean": 0.7838633686690224, "stdev": 0.4116691525895921}, "f1_score": {"mean": 0.5144455662123506, "stdev": 0.3357902517622318}}, "agency_based": {"precision": {"mean": 0.6034305064782096, "stdev": 0.4141961243605564}, "recall": {"mean": 0.741166077738516, "stdev": 0.4380587052649072}, "f1_score": {"mean": 0.6487926972909305, "stdev": 0.4088677266387783}}, "hybrid_based": {"precision": {"mean": 0.46769238319591677, "stdev": 0.3444807762368659}, "recall": {"mean": 0.8250883392226148, "stdev": 0.37994747078922125}, "f1_score": {"mean": 0.5616257221380896, "stdev": 0.33173732849136117}}, "execution_time": {"mean": 3.1479140253239106, "stdev": 4.707725411728286}}