{"reward_based": {"precision": {"mean": 0.41848743619945034, "stdev": 0.3464711494160747}, "recall": {"mean": 0.7632508833922261, "stdev": 0.42514961768993725}, "f1_score": {"mean": 0.5077962869482304, "stdev": 0.3462519922867915}}, "agency_based": {"precision": {"mean": 0.6034305064782096, "stdev": 0.4141961243605564}, "recall": {"mean": 0.741166077738516, "stdev": 0.4380587052649072}, "f1_score": {"mean": 0.6487926972909305, "stdev": 0.4088677266387783}}, "hybrid_based": {"precision": {"mean": 0.4699744797801335, "stdev": 0.3533233101316463}, "recall": {"mean": 0.809776207302709, "stdev": 0.39253544249330763}, "f1_score": {"mean": 0.5595153962645129, "stdev": 0.34169617229640076}}, "execution_time": {"mean": 3.1627649587750293, "stdev": 4.717840994972266}}