{"reward_based": {"precision": {"mean": 0.3908078131134668, "stdev": 0.34999497179894395}, "recall": {"mean": 0.7131919905771495, "stdev": 0.45233773364487506}, "f1_score": {"mean": 0.474488193392787, "stdev": 0.3571463638701399}}, "agency_based": {"precision": {"mean": 0.6034305064782096, "stdev": 0.4141961243605564}, "recall": {"mean": 0.741166077738516, "stdev": 0.4380587052649072}, "f1_score": {"mean": 0.6487926972909305, "stdev": 0.4088677266387783}}, "hybrid_based": {"precision": {"mean": 0.47329210836277974, "stdev": 0.35656240466814604}, "recall": {"mean": 0.803886925795053, "stdev": 0.3971135518614534}, "f1_score": {"mean": 0.5611041000616972, "stdev": 0.3455205380164158}}, "execution_time": {"mean": 3.0161581943462896, "stdev": 4.432987572880074}}